-2.347151759838747,-14.397370374902136,4.3281650250257435,23.044725932827667,-1.2263537852367798,0.15459311549465543,2.6601635148570435,-1.137946682427823,10.110661429507463,-14.40771183329753
9.805691439588601,13.769963116770409,-2.3028508500632334,4.809241158682934,-12.66910580968984,2.7100509145007563,21.407632248568106,4.753690386135978,2.465248881885555,-10.841739551807883
-23.815825967728664,-4.363487959065988,-20.724118580618413,-12.954398385582431,-4.640235844978011,-0.5702663707653646,2.7592973653668,14.945152187263728,5.668206374624378,-23.0337426191543
13.770007186267943,-11.873868189302284,0.7939305376760197,1.079686265779162,5.069511035287098,11.255893607341454,-10.080524843929268,3.548292272432625,-7.02668182675824,1.134511312112674
-10.411337048805084,-6.865993519391527,-25.594475825233253,9.463105490244018,7.906716529407719,6.800018940074546,7.166058200730959,4.777048465882726,-6.662399313470203,0.8448008108628419
-3.3876049461227744,7.0592117937903796,-16.017614025188696,3.9324806774380328,-6.01657681622827,18.379775168083576,-0.19942372946171377,4.212484018925969,-1.9530940902968095,-2.162723827987286
-6.8825287807043996,0.04733254119631898,4.246901928008601,-2.009026948308649,-7.578335053737914,-22.69098965500653,-9.565702043144737,1.9481524045081897,-14.23738151639915,-13.453671370969605
-3.5877152923593765,6.047238815134833,6.378057348713838,-5.594863349485245,0.5620094839322405,-1.0788254391351666,0.8897395013312702,-4.15846979436595,18.840014607665104,-18.770139272608176
-8.661725196564428,15.251801878099629,3.8749346349283007,-0.5276208549905417,1.124642029970752,-8.867484084737214,-8.337160539802172,19.96931189753806,6.79220902701114,9.596571420229127
-0.2645697626849985,18.095495464653403,5.991047444559635,3.73661067358297,18.66601330136849,6.19729670177669,12.154259187193619,-17.547972237412065,-27.507265639994145,-11.61530755490885
7.749005678169513,-6.850516690798603,17.91685596656372,-5.323432565290141,-4.506774938748975,11.281059439991862,-0.784313632131358,-27.72218491304812,-11.549305131655192,7.232584326674889
2.5862331922813766,0.26451400480644827,1.4606979015767305,-5.558468315045385,-0.9627391028294218,-9.94946005157686,-8.543874387938681,12.24212973309486,6.115567793908862,0.6234169531633762
6.656670212272947,4.635638655500366,-9.140753849162822,8.919775740020023,-2.457202662027777,13.37133724379614,-10.218540625182799,-21.315972765910068,0.891725927703761,-0.704071966896539
-14.759349252893712,-1.3225217374367833,3.9333064176401704,24.250628015632675,-16.702818351356367,-9.15823575949416,-17.543935721690605,13.97202277531525,-15.98104489873549,-3.097366082579497
5.480180199303102,0.9566246529788709,-15.920383542555665,6.994879765330701,1.1292401464157034,-7.697855876189413,3.0385850091596134,-12.977106957427253,-3.2988693470482904,-9.668976679482466
5.522717587934816,-19.642640594329343,-6.297637608849533,-7.655781173809401,-1.4811842711055796,9.049200299335162,3.056847551055271,-12.694002562964018,12.562131780382312,-6.864472321693124
-21.94461185813931,5.296657429446368,-14.872167648468121,-5.200454621141698,-2.239002721596685,-3.026425726288517,4.602651210937881,2.1663232100347822,-2.9681500685417,7.99978365880545
-4.2069976366365935,11.47311734619672,-4.635474013076263,-0.027803676085724344,-4.2134602007261694,-17.308402421748305,-0.8606840868272505,11.790003656477477,7.568763267599397,-4.929853147413471
3.8481669955232958,-3.292627753110943,-6.924797331290543,-3.455592717937406,-6.753412976998694,-5.839399641300939,3.0568537337685413,5.6992982855091405,-8.970662029357758,-12.114415189446419
-0.8509725895753073,-11.058157770683572,3.5027284885707304,8.36478865205699,7.292791653776403,5.260628762378926,6.704946651607964,7.548081301875008,-13.740399780231217,4.526178100346447
23.669559967972443,-2.345584904757103,-0.031941735216437395,-8.324538130630977,-17.70348156071143,-5.664040115222053,9.846157347618869,-0.26899180789511096,-22.547683288977133,1.201220972023276
2.778912307864414,5.144970477104549,-12.816217461268291,7.497024965914479,4.042512155704547,-5.677487357200225,-11.361013372614355,2.1262206591338746,-10.802183616211419,3.768078970466159
6.648500111278235,8.343776507528395,2.74231066248636,11.000171934329828,0.3837841799756596,-9.97261457728367,3.1085872532923755,-5.0142278285803465,7.8859687843753346,-13.50815593238039
-0.3009489738786707,-2.4693249233554613,-3.1551595445717635,12.970090745945908,-3.804518909626583,3.0586573838639124,9.956097924943776,10.467341200243126,-9.627157528712853,-0.06042941336537122
23.172622078317954,2.570406880423226,-17.284651656928936,1.2794869909981026,2.4103492136978737,-4.531827303150296,-5.521510952230248,-11.81679878764077,3.9164413398840274,2.85411579306075
-8.16409769489136,-4.605069325331963,3.8389858798237295,2.2183107353538674,-6.146323116465031,-0.36909890624765934,1.5397130506520318,-4.9872044895833465,7.122016610785852,9.972422313308307
-3.891497062159433,-6.32376903404481,16.542955963406584,13.942201178777541,19.458287021114906,8.01706093315916,-7.519419146791058,-10.862119413373833,5.625330984002011,3.707015967979009
-22.81647696951742,-2.9683824513592243,2.880783011755902,-6.178550256768461,1.20349227089395,8.635121439002983,10.36982714327401,-9.118092507891083,6.343055202992485,-3.930595015691014
-10.668307922884994,16.343940561736172,3.0968727688011235,-3.3746913561418266,-16.373655216938694,-26.419656648621856,14.292000850542056,5.004851884038524,7.61958692307513,-8.785704719246894
14.497366135690118,8.436877278283658,-8.31582341807841,5.425483354336761,12.891212100922036,-9.886212517468195,-10.963623168317246,-9.243288471140321,7.932967597765696,-1.7615544132530083
6.729731137474388,-12.241804466816859,6.911537669333741,-1.7906181936306054,28.491448173377144,17.193646333814876,8.008484627271589,-6.4572734984775515,7.67225113497012,-20.896119546644883
-1.068439344556911,-5.689367839880156,-2.314781512259471,-4.19008772691829,-6.874311918823286,-12.636790634827324,-11.968206516829339,-8.186429591835282,-0.8319813808119302,13.844216845004896
-10.454001359998648,-2.157584959111492,-2.5732330877862184,-12.04232279268288,1.460482099335234,2.6769452278817596,3.3275052148154143,-18.83821751125321,12.096707635925503,6.516778330285277
3.2978955141804116,-7.66424416541456,0.34265109274347455,13.007113768225837,-6.264822388785349,-25.08378554701794,-1.6487050190000208,3.465174382262844,12.385858392860802,14.89489626556817
6.843195651568646,2.8919800950731345,8.462730598979256,-12.576996376011929,-2.919050028784121,7.410405838908893,-16.513490999478183,0.531020447984044,14.05280471238093,-0.6060304361594433
-15.778298607126846,22.25964106543461,11.7668977337258,-15.069748935560444,-4.160820164620729,-3.2614685860503876,-23.024264793019015,-9.937906159276563,-5.690596156938917,-5.375413390986862
-10.26582109076956,0.6493983638415417,-9.096698213344007,-8.148360624476988,18.11451749709345,-7.479572176553643,3.192483027711654,-14.598097105443992,6.658731450460266,3.9682909424465276
0.3069144480151377,-21.203357377222794,-16.6681830621404,-1.6550803807387215,19.03178292834475,4.680633480408558,9.56151168993647,-2.231264581919206,-5.633287455856191,15.852708010001706
-9.825140674972122,25.47847681193329,8.26436044804064,-1.490703233219413,-8.996784882716007,-9.29271457401592,-7.430506490761356,14.205683754023237,-15.19816578610838,-4.485048070568898
-9.296098263520726,-8.254399397352689,-9.120906027007775,-2.226386853755764,-1.344543599318653,-9.206233563952761,4.150904714022298,1.2133371464438785,-3.763414644018302,10.390210039106332
3.3528796649255628,-9.570064743967265,16.710946413723256,-8.470336523184255,7.808554073039414,6.032631693718901,9.283473115280508,-0.975885662282116,-16.710928341712638,-5.841497368441515
-7.888401107077627,4.064977062895326,5.381341792648371,6.63189855674974,1.9933177184964035,4.972646814292157,4.733411503733605,13.110139322512126,1.380627658584739,20.48059912822119
9.17240635978682,1.169702423624673,-6.843709811371923,2.5641114297367458,-13.895089528431177,20.743973334335827,4.903362634519565,5.611983447607041,-9.454057048579221,10.99184402438237
-2.731034694633112,-1.4407116633764692,15.804042042757354,-21.48410760051922,5.2957546950367345,-4.897020575200699,11.56815686160564,16.613022438787276,12.140935623331524,-4.159599190890576
0.5126082968699003,0.6524321194135217,18.85985869797514,0.46301588992527576,-1.830547967293591,-12.39548222981207,-6.419776577960235,4.7232462477028285,-1.8332540831276003,-8.134682440138896
-1.0260911274090867,-13.333389595519524,0.8047420045282665,-1.8601459535914586,-3.3844157677013853,-13.28860719848197,8.84250818421106,-5.242854364172417,4.019814769107118,-2.7912507515322367
10.046707506652243,-1.9735845290440883,9.234549011960905,-2.3978650201178655,-2.2680014213363995,15.276919846854621,2.324613412874787,-0.2057301436653182,7.935164472070646,4.960881381917205
-4.712463030348783,-16.835509989609303,9.249446572980332,-8.763473354484466,-9.019718060034512,-1.858843472120903,-8.574412532546656,1.4555763753431947,5.640371203167164,2.958200103283361
-1.996808058702715,-24.14845616145497,-9.872006123670241,-1.5061692650203082,8.212615495486112,2.2541064821189165,7.544598438528382,-13.94300855787981,-2.4432405644735637,-10.02078079487465
2.9816983309246927,3.636535209029442,23.176068660473437,-10.185117844820581,0.5813609000223354,4.253357891054071,-3.0974971544097745,-1.2576923070824562,-16.075897541761936,0.17677038476727008
-0.9815604585742111,-10.20990150258957,-4.703054597142814,7.508928629148772,5.484306494308332,-16.787786864260127,3.991777437782133,0.8925714020165086,1.243347905361846,8.834741833886033
-10.775827497727944,-1.188823969076602,-2.2586090083791257,1.7380441003534832,0.26926231904731046,-16.488021030919548,-1.7905725848764018,9.48954807327992,1.9658511690064704,-8.068066539526415
0.5593167032361162,-20.535116476613563,12.231426642645417,-10.449161045866253,-8.146009194904675,-7.398512849598945,-3.773701117094064,-3.892866102540073,2.2367408088817484,4.669618488108509
0.9976724753242503,-2.79972773778218,9.482925731895836,-4.22638700557331,-2.4807810412574023,-9.92322522475464,13.80004897077395,-7.781705066923625,-1.5835012426938577,13.318208772267777
0.5021857405326323,1.5282562467532401,1.3655934639109948,0.9805546232555518,4.279596617152645,-0.5005602064163243,8.21305736748456,11.930480451302845,8.410674335302225,13.242883365574746
-7.139571165927903,-26.88718874631477,-2.928286230314784,-6.407154895112948,-0.294296189758514,0.9510412170842073,-7.207830525730428,1.002295208574243,13.699352280910384,12.393376158218828
0.610888834770077,-1.4400420046622755,-10.141866909612647,-4.976463284029724,-4.898709883305579,0.10606498061523123,-7.413717364535811,-2.1157459973901838,17.129942678957732,5.319164405880661
1.1365779344285256,15.24551139992398,-6.8930922440233875,9.188121573333623,-6.545302144346678,9.715380698110227,12.12951949868403,18.191124778060363,-19.541785013840972,7.583698663624112
-8.270309031360505,8.009735847196717,19.571065779948714,-19.99891425219779,10.373457590480022,0.4648189922870055,-17.256850433580045,8.597286911797223,-5.60869183899808,-14.133273522402924
5.22284449759903,19.077823061307512,10.726918333022157,4.289942831959839,10.028088140142437,16.80839132930785,-1.4104899368794988,-10.288835614811106,7.418669039607209,2.9443796481263034
4.267368614593131,-0.21029508920705373,9.825604941155374,2.8517047020594894,1.6746067937095295,15.275512314642441,-2.9621783522275456,-3.5215855437290218,-0.7129346271643935,-9.017916310526319
4.699917539048798,1.3248738687366113,25.380075458080146,-7.174443459924429,-9.064524035434417,-6.237419841289437,-15.766571631562625,5.334535606193761,-8.56230788036291,-2.23314634481513
19.949833740525374,11.099572490205103,15.337152845378752,5.460742423633072,1.2107839996908858,-4.956302281553905,-1.3829798468767216,9.215083579910798,4.9842752753651425,14.15382711722443
9.090313798849547,-1.3147414010864429,-18.908466803334186,2.720194702988305,-5.822058523303976,7.824097743140893,-0.21304449117455193,0.5703897071259972,9.127541846007757,6.19125621386001
-2.024678349838665,7.802246164511622,-10.561213854622597,3.049485584740579,9.64347582573076,-5.268941099704994,14.31445812014317,-15.023473931284268,-10.233803108581132,0.7243119008684364
-9.855518979547819,-5.733071397073639,0.8925468318755696,4.805429734713074,-2.5652723959895023,10.655252168612858,7.043840886400606,-0.03256377932166043,4.831795779444887,-10.189950464462862
-1.2561823553438354,10.89777112122027,3.0506938678346573,-6.378899140978095,19.55607098004976,-16.849918388466786,-4.298908830063005,-3.393752512926138,-11.754656416496651,16.692280034345426
-1.4569048281123385,-11.741634400995075,-8.025619924222134,13.596988494515747,-2.9827729084988293,-2.974191131712096,19.356453230910365,4.164918388252156,10.01094354785566,-14.58480560576523
-4.746896923158851,6.574950510418402,0.963950256835972,7.374181026733423,0.05351851016990965,8.59034917504485,-1.0860423916156718,-15.557318482728522,4.11056430270952,-3.8154117131802794
14.868589887065724,1.8793433414374405,6.525507130796776,-3.3549054384402295,-16.62342603869723,15.330723809448312,6.633782946779785,-15.09741294005001,-0.36910631284416706,-8.4979054336651
-6.793853800200829,4.984333635195871,-2.6762529242502495,-7.524991703328391,17.28600185913383,-24.41716290658052,-0.8310718476068142,2.5917326124602296,2.4704946947236586,0.8922915481209965
3.729266739963692,-4.879311334616742,0.5915338369430482,-10.79111435293564,4.195086998771677,-8.836406557737599,9.02932532885456,9.660084805722043,4.200374197990505,13.193084925720752
-9.887343004840673,-1.9619919410181121,6.5201809990854,0.15973147303209717,0.26686653218999506,-11.770613850837394,-3.9308368490904226,-20.109381619586234,4.943859926984296,5.125291015432516
6.321620616846271,-0.8808914710894645,8.654461186636652,3.264716887525325,10.421888811346832,1.4588245775596338,-5.736253246560458,-14.47044243502668,10.169966283639882,11.336732766680901
-0.8949067747290202,-1.2047739409114637,16.945517367305357,5.005326350780797,6.448466519223145,-12.971673970716884,-0.5927702973583472,-2.09099763674177,-1.4764113312167444,-11.731032388288012
16.723305066889193,-6.385387745357793,18.973307202118125,8.78706131688653,-7.395250952244328,7.914342209384068,3.6064182808562695,-1.037504338634036,1.425860510377484,6.916154022667228
0.16514253054546163,5.602310498371482,4.596203131757318,5.734824312507753,-7.8466251004071985,-1.3229612728072144,-5.966794981659596,15.301627980212512,4.696333511547471,1.5627637540628305
-7.3026595630111055,-4.499788132845971,-1.9234972758691997,23.264873212335928,-16.251952164907344,9.259511526122502,14.61220136333692,-5.230207811655179,9.286017231024436,-3.7144275252041385
10.459991962629072,1.7574939077228227,5.126841907163073,3.3242803190080106,27.495595698925257,13.722210572601089,-5.58600079282199,7.821488308400114,-1.4542060741147946,-1.7842195837464614
-9.728243213768334,-1.009533848110928,-2.4018085299997773,-6.630239963476942,-13.390043743941858,-0.16447263378144533,7.691998031086288,-9.583640134113564,-3.880664458653032,-9.715465817236733
0.6227252911395459,6.934960548372339,-15.788432220166385,6.3472740989833385,19.02916940223832,-15.701619719856232,-13.756892642943058,2.325144036248048,-9.924427073937975,0.34050488720697486
-5.983709221557244,10.85229361089025,-10.225462323702136,0.3955379951890471,-4.58889060678695,-4.843462657638615,8.482046710500407,-5.387023055277388,8.42587737450382,11.633437212293325
24.39877785633957,6.873404507980619,-11.68523111353997,-11.848027362151743,1.7796182351610628,4.483598130373069,-18.15855784150315,10.526614636875632,-16.288978800709934,-2.5614109983235473
-8.164819201040512,-11.337982488395657,18.419616948814216,-18.228439682842865,-6.399386104673114,4.749165100718987,11.439089580085495,1.0502811574274187,-6.103098426629215,-0.1509258028682663
11.719464297362132,-8.915701924667582,-13.411231765170427,0.3465012612384258,-24.28037992341506,1.622484246450103,6.139215747735479,-7.393933248633015,-1.7543270889128728,10.86877312937656
0.9754699619495282,17.07498986465732,5.92318036121167,-10.271966267736673,11.557067801550518,1.7224337612741571,-6.616880758432927,-20.849316044632978,22.66343020828743,-14.908789906032048
5.613444502068493,2.678843723501047,-11.310681240784373,-8.946404485398574,-3.1433535829105392,-8.41865473031454,-5.472092954706621,-11.995758509755557,-12.838356131380754,-2.6961492701692107
5.202920480508362,5.48535230698313,6.001746258577731,4.524102578571308,-0.43149737183100173,-5.103577670744627,10.394530998576757,-2.463300978418423,6.541560834699965,5.148803635165342
10.854185356826292,-9.495914018737908,5.675844849975267,-5.820275231770157,21.94350755219078,2.19256229727797,2.7257650066808115,-8.406307943848908,-8.050630867292808,7.124158116242229
1.5306089305883024,-7.1510492951148175,1.5562130771420821,0.8088361694676349,6.648819866979564,-12.195943624681387,-4.760869468302299,-3.2338012184907434,-4.869852005033809,1.263556462613045
0.25468171176001353,17.152429727752924,-20.992546653531484,3.096747467610551,8.173498469201286,-0.9699845426665233,-8.183381610410231,7.082174116562797,-0.5272264957650764,7.4034287455436845
-10.40623738363667,5.683743025482396,-4.353019310984073,1.478919759313377,6.139235766270481,-9.217308557242424,-11.512622840110831,2.8322077823413787,-25.560425114306646,-7.777580714519411
-15.670321599929665,0.041247767410914515,6.485253984757767,7.630680974906027,-3.170366032159733,-25.70331583777027,-3.04383446292597,-3.606511971857164,-3.0538474724202107,-35.14079506890765
0.7430818466776123,-6.4192885726296325,3.5710061609118515,3.117942269335777,-2.8557793687280464,-1.1962285410246571,-9.028030221777396,2.6299830954294516,0.9128730080176328,-9.341547051746561
-0.30962434459886173,-1.187418798969974,17.435336035205843,8.409398348509464,12.786683693478478,-11.594708429163125,-4.4484160459296405,2.725702390710639,-12.454239395651124,-8.556921677181107
-9.827252327381865,-3.6444490540751406,0.7616035418084394,-3.078900028222826,-1.8494889506871846,-16.006823475813558,-23.917502726285335,4.533648869754238,-0.728669946297852,18.79962500898649
11.496951170302383,-1.0276406333068246,5.557099179727933,24.41943791951911,3.467985349915309,-16.89165365118576,-14.469570544988821,-7.132637998945449,1.1468087169801033,4.657211718796653
-15.062533327706152,3.6330067009812534,-0.187393841199196,24.624852747965637,3.22459825722392,3.8716538268835254,7.02774157179146,-6.132988289901785,5.687083537190125,-7.938377106448535
1.9576112496715927,0.4316526009335405,-3.136935535438977,-5.8879349539584975,-8.552230815806764,-20.726856860522584,2.153174606243074,7.0715213116958715,5.6103473754959445,-1.3502549434053515
-6.560011732976177,17.636352585378447,3.888771416954204,-10.145981302518734,-2.797855222249257,-30.18144030750689,-9.971396711137917,-12.591108802879653,-8.137429526568194,13.494163954644092
-2.9001746240154826,-17.689034604721787,4.736723541046423,-12.479637143849484,-7.7387794323415084,-6.3673124600002815,-1.8262585993684468,-4.030406711033962,-6.580620359098103,-8.677043040556907
-10.693103840813304,-5.055990927867681,11.836682572465635,-3.2170144624649986,-7.392601826522109,6.587829439009364,-3.6113826224279713,0.8870930998081571,9.682921418620818,-8.99486027293861
-0.41334289353649356,-3.29210680732849,-7.218622840313923,-6.901660454209095,12.055230410580332,6.814573712066156,-1.8925630490667529,8.202834513873977,12.594372818831568,16.305370455228235
8.572518271596392,-5.352416277540036,3.244720312984546,-8.34018990207895,12.879296425955529,18.20362094051635,-4.3809694208151155,-21.588323727976757,14.935589827545503,-3.1370178219710656
2.4692493531670983,0.20372144458852892,1.587156020972115,-5.0977356908646785,10.94026518395615,10.574923910162745,-8.764219555275165,21.684100253968445,-6.906627856356915,-6.537618724056134
-4.38189078482336,4.777475640415703,11.997137273164402,-23.72811407534735,-4.021530133531463,-7.391675371681395,-1.450295512285377,13.296512978932203,-9.489651929439672,0.06878274119991522
-8.313100463684094,-12.474401671708799,15.158709628589852,6.323648804466368,3.4280533843574936,7.846943702938014,-6.048301340559213,10.354423493261356,-6.374959630321811,-4.392168921619918
4.191455090870766,3.1199528292217797,13.180937970860317,4.8615160269676485,3.0099207387943854,-2.105265048318526,-14.870319575716382,9.063770153600613,17.50940267076495,-18.976251479956197
-5.774866928069345,-10.349869158452067,-0.7403782053539496,5.235638355781599,15.656638463564788,25.34485916275795,13.840466988328327,-18.27525414418076,-3.9037391382122055,-4.566998327393973
13.593798592238851,-3.5078961540446185,4.623178065895192,1.6318587789836765,-3.8190162946075357,-7.3279537879070125,10.183230336856319,-4.68585242453109,5.806299655348695,8.51484637270676
-11.219757771731139,5.075319075946494,23.74725196391665,2.0309690265705864,3.9351948436630213,1.2606883104099786,-8.584264529163892,-0.13530215245236243,-8.916682399772034,-12.488402187450259
-1.838615348081867,-6.728041310627987,-2.1941104670593954,1.507523035141636,-7.432216030452597,7.459106581968867,1.3362550045294554,0.9083499887276758,1.7722387143201113,-10.299376801920516
-8.94907170389813,13.50657673829697,8.004870730595627,-7.675392616336944,-8.270645085655575,-5.739188195182534,-9.275186309419563,-5.132016532776106,-6.114714501446956,9.616069300774637
-8.156977423896523,-11.100558844556236,30.994031513006902,-9.870085184930897,-10.614742905718852,2.45748227311893,-6.673177457521826,4.546152974793763,-3.1843931589694034,-12.059210393873162
4.637318819843968,-14.695430105695966,-0.16447889952862943,7.629091503958554,-8.163650753097256,13.320822166865371,-3.325722218511352,-11.335157687007996,-8.14400626519117,-1.025613250255516
-5.1661391811600605,-7.4910397712965064,9.017772093443327,1.0032259907386527,-2.256968711046207,-0.9591005719729069,0.5723252753986869,-15.92147038128594,-10.10240853976918,5.126773603888126
1.4991987232144457,-8.07311072615834,2.6359182799505705,5.969663992308569,9.327723102973792,29.157036256023893,-3.884291443133097,-17.828785086836998,2.54591003075376,-0.4146229324332918
5.969212510243963,6.12666085166106,-18.795279747787035,9.502509234905837,-14.3333000717673,19.937395217370128,-7.943845059222609,-5.383301641802589,-2.0154298331695406,19.74096244426482
1.2974935756430026,9.949430117329582,-12.784776392903778,3.0400976834346425,-8.676612201319113,1.2745624168189353,-4.731732218180342,-1.7450006901202932,23.24274704298627,14.504592407278292
-8.900474673123695,16.651662300107976,11.03653044764366,-0.16332556950307403,10.200568260384307,-12.56760903872701,-0.6389452131623886,-8.308804884050883,-7.932146890522974,-19.24790888782315
1.1169260475711589,-5.6808321976950324,3.72975898942939,3.5485401739473406,0.7610629117230248,-0.04128846401543929,18.785431836635723,-1.7194894362476918,6.31027556201148,-11.219811212938586
-0.9027022884052007,1.2745951420897006,2.307585698716662,2.72590456212207,-18.35338931357168,12.874982416530191,-15.77063850381867,-1.7113998754855722,-0.04631939626417113,-1.3857491807092348
-15.230235921980542,7.325015150625709,8.89882185160709,4.63732731639347,-4.982222503818916,-11.216251580512665,-11.103340617340594,3.143571300160714,-0.21160915089831872,-4.803722848370999
-9.523215291359964,2.462082293842984,-4.355017302653328,13.612113549404665,11.04240385637258,-8.93621572508796,2.203356789687507,3.8124168428991583,-2.4779112265276373,5.739076769894599
-12.349763772336322,17.626626784752634,29.598054744860743,-24.21075985020648,11.798128545403202,-13.583557575226976,6.581071813062007,-4.317229093803873,-5.051847933210308,-3.284381863270065
-6.275914899529342,9.606895770456209,9.64376672677203,-13.54794175621941,-6.179649547474682,-8.62935014015655,0.8757445943629373,9.44009025871116,-1.5353079835882177,7.252920980683866
17.928021972474614,-1.0017578665966897,13.628582219128848,12.60904253153057,3.3438192245813703,-7.9696414201931525,-12.910858679152113,-9.826840313191585,-1.1268677699086416,-4.457590265897049
1.4899670048860394,-3.906821768821535,2.066048037341744,15.623710304847693,-12.030272893563827,-18.59494711864222,-2.5700669613989158,6.381728899284789,10.638355672793548,-22.750829697743313
4.470517400359668,5.627353453039304,1.7304395423420056,8.269520911568058,-21.7396903376258,-19.815564360538556,-7.020579941554741,13.667309600517283,-5.1690973510998575,6.254943458638142
2.1818448837738997,-1.1207164994181362,-8.402151232915644,13.631661457740202,-8.614375766583098,5.10906033151402,20.264702283814934,-14.127907482884304,10.543504775964136,8.878652167832687
6.320426029187391,6.814872219541144,-3.07065478962872,18.504669126069214,2.393569661644513,-0.4186204222926187,4.367214711368415,5.9073747691603,14.335266704075991,2.4418395705625944
-12.905571862497656,-7.548068042276574,-0.38299000424155993,-20.074420109357437,-2.8112959379339166,-18.7276312236076,-2.067916675429112,-5.628413877467535,1.4661383302591433,5.481194087990771
8.93237268780592,-17.60408854443064,-12.978668683902894,15.364554298146473,0.38928364766438805,4.316644630220797,0.5263481620502221,-1.5405361783355265,0.092210445888666,2.995413417983875
13.428369094705698,-11.456323454849414,7.045956222797222,-3.5335513536807457,9.371052740812118,-6.2718545738448785,28.384965674521155,-11.218420619971731,-5.495926354051837,-4.779432474889747
8.980149497674576,-3.387251164386134,20.008832908432428,-2.6860066266967237,-11.52201562703382,11.248794277067482,-8.157190220178773,-0.2223576156667948,3.3060373560335465,-7.300577657844948
19.730167290923436,-6.110419486808549,0.6056102754945152,6.062225919068032,8.48231006431606,1.6505773466258211,1.8477925695689086,1.7525255392247732,-7.23359003157555,13.626845208971513
-20.7471637559676,13.73326622130288,11.94563165036811,-14.18285304949812,4.15057469220626,-18.793094256237374,4.776873967180851,-0.05751580159667234,-5.98345880502915,3.030613707738418
2.732361355203692,4.28387896162024,-2.0495912427189373,-8.198189144572549,-7.673522371815599,4.789878398388513,28.826847567101794,17.33009926139029,-0.8897824085288499,19.50225909417377
6.3345382636098515,6.080927592720712,-2.935508602157238,-11.160548994525161,6.7947237646344805,7.426759566576809,-0.0429472970093472,31.60884590767396,6.87723997253433,7.269560996984952
-25.684819641950313,2.8664806819762263,-12.194123702689845,0.12503973947105573,-3.869287904822785,-5.933332785206892,-10.033266413785945,-10.598143698984082,0.6609195206406397,19.545888167772056
-12.78220879945099,4.332409350634202,-9.608840150161136,-6.964852076550358,-6.7387500355535,-1.0475760267763603,1.3275619034199846,-6.102393864743369,11.077766108281624,10.326372957027225
-17.555460722392773,6.5323440531245005,4.569288351341968,4.92274016107281,-11.897123180192361,6.35408661373944,23.60477364288256,19.94400482983246,14.207092677139322,-2.4022349680421886
-10.507180285843859,-4.03022114386191,6.837303891973079,10.830045066460732,-1.3950882523431842,5.642329249691299,15.67935166961863,2.630159662997623,-3.2744305665609375,-6.780488608130741
-1.4976242791937644,-11.703911091865136,-3.4727519939190543,-1.718658795199894,-2.415639386535214,4.359820231343942,3.2143781349119505,3.973614898299979,-19.764443172798053,7.06264823198992
10.583944201584735,-2.353193259953799,3.7317133041044266,17.33159056585875,8.527425697488196,-6.62256121823218,17.717393727610062,-7.406010600310796,-4.100765819992965,4.95054440357589
-0.4903966390413409,23.257634121666328,0.2961119941687588,-7.960949036220006,2.700279588295515,-3.5904942569886824,10.449869714630866,-30.803593542224252,-7.504212240588992,2.498135395623968
3.453836271582099,-4.053112423763845,-11.26051607795533,11.596051160179261,2.1703186688437723,-6.7372134007974624,-2.537263610393072,7.6299435193303005,6.961494896937954,-3.494786870369415
16.824438726142944,1.3483695956490025,-0.6616956177609279,3.87518716348357,7.1165173942752205,-8.454346146823243,12.82472257748293,-4.230665835113371,-10.608795000814645,-0.04343040643960938
15.018525610791356,-0.0416197068951226,-2.756506933611801,4.834277608024282,2.550335682016862,-12.84051556862896,11.99799010163809,-14.026294463160408,14.353107340980198,-5.025958924184225
-1.4250602619327406,1.2349107683012337,31.318544352764185,3.6721785798344175,4.013848077074205,-17.188613800253197,-0.19830675582330728,-9.297097966921015,-3.5056341735210346,3.3957323742745777
6.72886869194272,-21.43074449272064,-1.5841526385623297,-6.118816321839154,-14.804524336482078,8.72540158608138,2.6060366361742386,-5.8188873970468515,3.2045990957043458,5.990330680270878
-7.84106745505869,-9.408921152031773,16.080361822369433,13.769597023666218,18.056057514125996,-0.9271832019388732,-7.202491640109036,-17.593003522447617,10.981770050405279,4.826063248406199
-3.2703442850866775,13.457985526522581,6.525081734445686,-0.9487328023617148,2.9362775276069817,-2.825972493647974,2.2430130137750566,7.472611924890974,12.352669434284437,15.301921332769329
-0.26262884474670267,7.341595030105924,5.688996179387928,-7.732449533588133,-7.721060712913774,-3.5999531024501765,-5.723789848291996,-14.848011728720854,-1.1452684036522867,34.6380683645243
-18.68139891495428,6.673945124822768,6.477375799207893,-1.1333911291550693,12.439533741190132,18.762581000740656,26.580045938132514,-1.9493980071332817,-2.3434815762938905,-10.459285475775896
-11.764806875263357,14.12247475211969,-5.723330684518771,0.8247883996171339,3.4146349544772763,-0.8746706837196218,-4.079319316827219,-12.708810681857724,-2.4017196344777787,2.6200929621553803
8.921709927223114,17.62369189689371,6.769555438655742,0.47567223748406356,11.667633873511463,-1.0684107302704917,-4.445354407406964,0.36044598397054345,-9.404150865207258,8.972236028028856
13.087593116925106,6.104257357158045,6.097277798811971,7.384122950483239,9.648315493769482,-16.11311788966804,-1.959077924186462,2.491778649808905,-5.255395796770546,1.7567594489720908
4.099486969721326,-1.2083945409557497,-14.998998359056175,-20.748898099618273,-18.29863735412763,19.605982270507088,-6.786887078354546,-3.6463222420940493,-1.856108153767615,-6.169993421419262
-11.425889411399881,3.705434563244273,15.511201600886109,-11.155035145739499,4.223298812353917,-5.417503767129723,11.869198319620953,10.135163197675634,-6.659693009125132,-0.007260194511900551
8.945973064478965,-9.827387260923361,-5.9823361758418825,-5.241962487199343,5.615408299848577,-2.735092004121777,-9.31690668336102,-8.954752260587934,-8.945817111815064,4.849897312086279
-7.259698441990969,26.102810695081523,21.874975471441005,-8.015331484662525,-2.484647311830411,8.589865178533808,-21.5256796012725,18.06921277436679,5.955566619728315,-0.42855901587849476
15.434914111033534,-27.719598105696246,-7.690148640061752,14.316058643126755,-2.772760407158972,-2.0004851466260454,-6.272699636748628,11.275897345870584,2.7512853980965337,3.5085338317311896
8.377932838212502,8.857273405335215,8.817492848718715,-7.6036853755375775,1.7852483716284304,2.964955157228468,9.230244849956424,-13.574989155793546,-4.514968955660718,-16.279049153421617
13.078332582522513,-0.702539820190209,4.3276442198615115,4.764069382458343,4.566342915510087,18.55657277664085,-3.0970779922164193,1.3796031033869571,-14.274975902854655,-9.594048050926144
8.584426730431659,6.695566280089515,-1.0493142171544219,13.953300115103238,14.98038478824029,2.75339682806497,12.474060445992038,4.7569857643258215,-12.348920567648445,2.041908846501532
8.000120770253785,-8.194240377282624,-8.12326413560496,-12.961464473335216,-1.4577622697925081,-2.0710109253789835,15.188257929446685,14.849429220833493,-7.400636963166902,-9.185585644840762
-7.385715027771459,-3.021775545305758,-0.4279824740545487,-9.286833105178014,12.223731929695095,3.4608693602218352,-10.609929825755396,-4.22574530674554,-7.789193471548746,-1.3678358595010731
-18.157882400008557,-1.6969006555911101,7.6097429945085615,-11.501573327393961,5.958406313928383,-11.094481824473483,6.763688279926373,-3.1957437988208506,8.61633560465351,-13.101982635123228
-4.752986390828113,-3.9464012818777445,-9.204590609057895,0.5827336466470108,7.946596732070452,-14.454663790213138,2.107275656541961,-0.7807523009755561,-18.562225695597814,-14.25947748662174
8.149090470686925,-4.180171020514669,-12.772621784096842,0.02069802920963012,3.8671527913197608,-5.372655186697362,-7.630657334547584,2.9037917834053015,12.345610891708619,-8.399655144744916
-2.9045819849905534,-3.2300213664657136,-4.669360129425638,4.24573844409656,4.567925501103994,7.800083478270517,-15.544643045626955,15.937274963753694,4.200505670806901,-14.207549195843326
-2.3841313570252596,11.652206912817755,-0.6557541685368564,-18.998789551159724,-8.148462595416637,-2.4616624897300303,10.649989091834938,-0.12769444783554887,1.152847080998729,14.61662953560855
8.41623026804227,6.013898686162756,-9.544333658304783,-5.4637295370994075,-2.4208293526757685,-8.94314821898456,8.872444868819812,-2.2635847921918733,1.0419465855525463,21.665511869951327
3.0992256765286768,13.372074610608873,-5.803774488355734,-13.205417801673464,11.664037511184024,-15.87645148892465,-17.31938953841647,7.079142222013381,-3.9987210238244275,5.075928504399538
3.6432202566632155,4.907020315176512,-7.465098816209851,-7.034563194555259,11.895258490158806,6.331024649182665,15.505854799361833,-18.929877797104165,7.0704062547453015,5.683258557180001
-10.200699248737884,2.610962677573514,17.23345458428294,13.141521437153262,8.88954641455814,-8.011193698352976,3.4232604004261398,5.393220230167807,-3.501306702476701,17.0237956683464
-12.678684093386819,7.877517886661531,1.1737874379187163,-0.3510206826562664,2.4231993605211875,-12.067726566135821,-7.471904235903227,4.205928713650707,2.8284740790397733,-3.1357010061157755
-7.298218438629992,-11.721428840624522,13.86391378385789,-2.074001894034526,-5.390731472003569,-0.1856333179013583,-6.8690015632738275,3.588213819143183,15.517848839825227,6.479697791512779
4.610115139843309,-4.782771734319095,1.4814096125308245,-12.518527169106648,-15.882743601668398,6.076979833824812,-12.97020696526738,1.4291943492042405,13.988130253919282,-10.853252522136373
18.37718768797473,16.771373478260543,-4.776329244059116,16.589166930134404,-3.0284693658372985,-29.839049337071373,-21.749268469261374,2.599626732639578,-8.045993572477105,2.505622268410516
16.234147144245895,-11.60531250103886,-1.9722724812935313,12.032138821679379,11.480395187151498,-1.9264348767149853,8.582810656912427,3.3476364039279707,-10.355123841256205,-0.577074174926012
2.844634178975531,5.88804295320352,-0.6464811528263626,-12.78538805703391,-2.3974399159770408,8.331593899618849,5.903548538228833,-15.113692163903629,-8.103559234852515,6.3921490548372715
-8.904363931446328,-17.936969137322244,-15.177213891846328,-4.8337970098553535,-6.3215713312755355,-1.4058239709600562,-2.374180928400637,-17.305394456952573,11.62095787303068,4.81653988270264
-3.091429336328602,-2.2721709856194536,-4.069467989562401,-18.885186114164046,-1.4510429118516206,-19.40245898225055,-5.406597353666242,-9.075293352850807,-6.723240365994588,18.418076508540505
-8.375535382264605,-10.392524464867819,4.6815143466418565,9.897158261856484,-1.8217213261384158,-3.392111798708947,3.8745141299818577,-6.324821097019546,-1.2256627395821877,-15.959077690276569
0.04452398363641173,-6.607056043482418,-4.462472922378906,11.34037354041631,18.74733869397294,18.885065851368626,-2.4323435243059506,1.7842925650657728,3.0643109582987322,-5.217100495596051
-0.39968162718126954,17.422810255412365,-4.150406894832769,7.26129076206787,-11.6293600720331,23.021515515481457,-4.4904950980238985,-3.8648632673116157,4.607260869168161,-7.909004328302506
12.066537375993068,-15.309431613486312,1.8096457170495062,9.803094889178528,-12.572473774606568,7.822960024637312,7.148787548189562,-9.120615826941576,6.547799832145565,3.43862083579642
2.1064620145386077,-8.992282393653507,-3.3980946573740898,-6.385563229263943,-3.1153849143400154,6.7786499062899175,-19.35893645023658,-13.734320795431804,-1.9055575035202519,-12.244608766348096
4.452662510885503,-7.055441535351764,-7.753090061977442,3.244669806851303,18.239226073044886,11.498813866131048,-3.87017682828257,-2.258662260491405,-20.731809228454487,-17.23943205486974
16.155966966379346,10.394550743196003,2.7504677168489033,16.417501054526575,-1.855019274241361,-6.479677902823402,-1.2215481149811063,-3.0638966493515163,-7.650013761622385,-6.167462710732481
-0.25204422068898424,-2.844415945237296,-10.03141292147446,-2.61112594609762,-8.93867135212381,-9.686010642576795,-6.47615584256714,4.075373270168061,-4.938204769852662,11.967327118126608
2.8813292728378412,7.757204826256449,13.795228645024142,8.657317068071706,3.467581330259395,1.5850792200703472,8.526068006686716,10.618445304276081,3.3571961327335225,16.402215491105093
7.969623941059818,-7.09527586352804,14.036483189152527,-0.1720740503347941,-6.012272625815851,-1.1016598440165135,-11.956379143242366,7.296448662601605,-17.2080616990156,-2.622709493254613
10.987555551324197,-16.039369513693305,-3.540533653711578,4.369607117963076,12.133405950255828,0.21815184248322578,9.123043481858272,-7.724441565514082,3.6661030135978296,21.07524916311438
0.5413278373571464,0.584931217586542,-22.77579427326743,7.427241752634751,-14.113857926729725,-7.581633749926363,8.16247922050022,9.139143731438969,0.029789824234471386,6.738011711865956
13.15225202128965,9.144853093817412,-0.7445354151931959,-8.445347446425867,-5.533825848955938,-4.342260745326322,-8.330572524445179,12.087832631907009,11.379068430126031,-2.912295579018175
2.6371506135430844,3.990685306467788,-12.21478417132018,-15.125568539396363,0.38194224348474926,8.702653935195553,15.18693748533834,21.369101643694492,1.786424943276821,1.554477432107042
-4.430177750313639,0.7426582076822332,-2.2626672806279737,-19.451663064980245,2.1181393130628434,1.2604004227122356,-9.999193233839645,-12.32846243532276,-9.08312345809529,9.158564486421426
4.085936377100392,-5.947970522918222,35.48733674531962,6.812621361428751,-2.0325611751343784,-0.9484611049330807,-13.61286379473542,5.493699012759931,-1.0528879115209826,-12.159089318932983
7.429539392844317,17.972787124659046,5.45549530306809,13.350130295583844,-3.289770154994549,7.9754666600117705,-2.101320071571883,6.123904860391098,-7.94010235623385,2.2979314702600537
3.130165881254114,-6.3301308915206365,20.782399273969993,1.6063088835314396,-7.818920164072455,7.147190146283375,-6.682043005061913,12.038587634243276,11.906852926536509,12.380562523063652
-16.138766671570714,-11.444743438773548,-1.131995569812175,-5.9438738698898295,-1.349506629415512,0.05984712334529506,-1.2868561680534627,8.168414625168776,15.020726485410755,-6.0542935152526764
-8.662696223098553,-21.70337865144691,1.0643280516804245,9.259534961895598,1.0595617696983803,-6.052489984035104,-16.795175468949324,2.797453858379298,10.97994673873454,-3.0855801609842475
13.635291320297558,-4.308236827948736,12.045223099629228,-7.381713116805227,9.631200031876789,-8.766843107492354,-16.14418033303485,1.961531320827279,-9.501879367961344,10.804565189984947
26.28345194328789,10.536090687512408,-9.239468079303858,9.75296994731132,10.254978355357096,-9.212583357757765,2.825627296538607,8.86916158175363,23.72442328461706,10.671321780277673
-12.867376023279068,10.955793423742232,6.130585601669281,-1.7870875418755119,-8.012338893622434,9.337541315213228,14.352202558133058,12.267139706224857,5.426454908789272,-11.381991592680729
3.4167005319249704,2.5331146185337388,2.552510772834542,-4.820970330607382,0.10715040967905076,-8.469739787962888,4.648762821981937,-1.452856146702073,9.984890581992357,-19.89080086831591
10.230610656817225,-3.6355582514196954,-5.234130267880266,-0.44851340151297814,4.265455050611578,7.419071280468201,-8.03184188713187,0.14192434988989008,-0.8736210884506536,1.5501978833209025
5.96416142484358,12.536655863676863,2.8331774730944477,-4.894594793549555,3.5223920283318293,12.607864245128983,-1.7441246268850765,0.6286158245321567,-7.003616453060579,-6.147091465161281
-1.6451453708862016,-20.173637445448833,-6.173880948494615,2.737554138010854,2.9979043986615617,2.8172272783217194,-15.79951107759162,3.424357774415658,-8.89329450955375,-6.455178298319498
-0.8164548067008366,8.508914787050797,0.13018573876087103,-0.5635027381843335,-10.830088996459025,-6.207865941351934,-5.592569469614074,-2.208923766166721,3.0069732258758854,-14.866836254455091
6.198134436289814,-6.218086649986372,-14.114295309619532,9.324001348372299,-6.948051750181955,9.8574893601949,5.581838656667614,-14.255926182776,2.2366644016570563,10.041193745976827
-7.646886295027998,-0.3781411229525219,-2.4286712932440864,8.390678207348433,4.584305198891079,-0.8102051306917167,-6.243681120051488,-5.755215587852332,9.026881552553608,17.68311663056123
10.000680540357651,-1.35647507073715,0.1373721277130748,1.5342407043149033,-5.246905032278192,16.617262970761143,-4.220660551627542,-9.443408929483999,-8.76153109046107,15.673226968663876
-1.0018713005062774,-5.468334667035673,-5.686648336192509,-6.214534259281747,3.2494208978877674,5.667041092488581,-7.308884122095261,-6.175568524820298,-4.077135620010624,1.0744193845556425
-5.079829995037709,-16.200173823994504,-3.717692522817004,4.535709672466833,-0.19909573755656468,13.281641671239148,11.657716262827929,8.58286846855296,-1.4226315351098062,-3.9467929582534733
-5.511610807685322,3.5045800978138173,8.566663832426492,3.0010588337852315,-14.354424772064442,5.938989564857726,-0.5234199241083319,-6.81474007920562,-1.1839638436054325,-12.591832561510133
-0.3338721573095082,0.959710796351826,5.377376799492522,-14.336076505351285,22.419680117117196,5.8603269504404585,-5.182765029269536,-12.21596892382076,-4.216528242188591,2.3661348366415504
-11.827829378198123,12.114043372131766,0.8049417392116588,-25.125177792827312,5.795875119025736,11.130795652094127,-0.3288903819702155,-1.3702399383915895,6.971487165550911,-14.12527559186272
10.097335092911129,-5.9942504153683025,-3.658133890810273,8.889248159114965,6.913851902612972,-11.083528749182268,-9.750944534428196,8.72479276336853,-14.492131887119825,-5.845201645331814
19.113317187528438,2.375700285433106,-11.401084445796128,-2.29352553842541,14.523128907416973,7.154875687215952,-6.342186016122938,17.349665946785223,-2.5367572682130213,-4.785073586217347
3.24219366769963,3.9851777671053954,6.462660978237914,5.691820538737416,-8.812864241651024,-16.8501087344842,-16.284196575183024,-4.461390686578767,-0.006752286985730613,2.4709810180844567
-8.752992327576951,-7.918667215760285,1.2134278921030979,3.523279792305536,-19.41522146528246,-8.370041977016289,-13.170558483934458,3.11985383146824,-4.906947425142057,-8.937981984503537
15.612442220954454,17.74380402013252,13.743200857266045,5.312209551677868,5.994228865884748,10.620436956032918,-5.060334955666072,3.894361911947496,-5.260927965208425,10.954301648470082
5.297819130887075,-2.844301714621831,-8.596611926309723,2.7375816289715904,-13.93810968521871,-16.133456023098034,-8.389176379240277,4.002058682093415,-1.2722077044410933,2.156099225775961
-14.491839047764065,-18.054167243263123,16.595643213216537,19.169949425438688,-12.183226359969943,17.167372746229262,20.599920877239633,-2.040067724496298,3.0603416485385337,-1.0351341517236743
-6.419249531044987,-6.238075237819101,20.074555379218346,-15.694908559011068,-1.5374548405284667,19.729553874056588,16.75932496454236,4.404721769208318,-3.768608315843947,-17.022743994624086
4.929735569665794,-4.997473292988503,-9.755741206897032,-2.727066266357006,3.1123009927784233,-1.1731463006430105,-24.1273894894588,-7.442821828332706,11.423968784747505,-5.06998239518602
16.655617634800358,-2.502807361154202,13.21079475048415,-4.845417881469896,9.484643936316164,3.9962028918790073,4.004466105537903,-4.242127995640969,-12.698497590972773,11.859231594230334
-8.097241340517467,14.505321937395763,-12.368239778906151,-25.89662877059518,-13.523897164754953,14.780121523463247,-4.643353660686859,2.2467221432647664,-21.53701825389113,-13.04864600193142
-1.1428813608890147,6.773345046568813,13.744973281688095,-3.831371235043604,-4.919684060392403,5.760767043288453,3.947222018100377,2.61435059373183,-4.442202602295536,-3.3699637318236593
12.176923899426505,-2.801090318676351,16.4113752801537,18.83501999768413,-20.316867582267154,24.649056759432074,9.652040002382861,-1.630824301542622,14.474900737517695,-15.280133183505741
4.381206779609618,-0.876621495446605,1.0528954847281882,-14.962898780342451,17.903162193741878,-4.5053891279877005,8.91291574093897,-0.4503659106446095,10.41223706137928,-13.43967962143665
3.4267718815771864,11.375813780365931,0.007085110812128158,5.503506751572603,11.363548371882741,-3.62521882918075,8.723288777791064,0.13186780762791392,5.918717357944583,10.098575543892688
-15.79004067884794,-16.182113020672983,-2.6585171763519426,-24.576945981985357,12.816231740691764,-1.649696169740579,-15.949564997997852,-10.978914774720995,-1.5151417468813597,18.131814676201664
-7.134721662969783,-12.21953308711081,10.214553127913177,3.227013935840402,-5.122296330398601,-14.370151136369696,-3.398547129402187,-5.645223254857507,-5.778116440331839,-2.33454783819987
-3.3875503486000627,-19.45236370396559,4.482569284537765,-8.105360364328668,0.816629701758782,12.531035634437508,9.540491561303973,19.121607794350645,11.964210523073916,-0.4647481738850929
3.68086564858427,15.18246087113691,5.473368810632016,-2.5218939149430186,12.854718704418346,-9.320288291287962,-3.933983247545418,-6.813374724913265,-5.627554325076696,0.4074182010031421
-5.514443561049784,-21.468138777634238,2.5654824367556235,-0.6035301249633803,-9.216266036435542,16.005254526642034,11.592402034661347,12.132195834613125,2.897720607576258,-13.921457987480448
7.900362965091713,-1.1157860510151156,4.681122041904063,-0.23832706525082104,0.9522259824884869,-2.198941247247209,3.727763210166903,-7.531233384785219,13.994716457960532,3.1827303742590045
-8.768845492774226,-4.416234209777104,12.240911537196524,-15.534729179374065,-11.825424511376694,8.025331546670158,-10.232118009243283,17.532725119638005,-4.51853830289814,-7.878199160788702
8.610276659663917,13.427570169070007,-5.461897326044431,12.454810694263257,-0.382261447624462,-6.785732320326215,10.671298156749952,-12.801225710939066,5.4566233038962375,-0.19148906708826463
2.985472168699102,1.4832934315778905,6.560407709690565,-5.438375639911079,-3.6675261649787845,18.43022985976755,-4.737021629567088,-9.14256772651592,1.319658724631729,-4.650092847603479
-2.936272448478987,-9.074552734324637,-3.6206552982563056,14.347540360496769,-12.110769203871332,-6.442124310186019,-17.131920862587023,14.544400579124865,10.799651745694131,13.07098797659969
7.369751920984968,15.288783164974905,-5.527938193498655,3.584623146527026,-2.8289935076971293,5.008056528689904,-15.420820370566414,12.264263344533262,4.660022684191737,-6.2390113848191575
-3.6324787722646508,7.957475846734456,-8.45304658962776,-2.9098849517129284,-10.861271596611832,1.9771165157736112,5.570223031653442,7.85386552160673,10.897633897690874,-10.969145328758863
-0.7322627527867288,9.214761864901389,-10.917516842233333,8.053030620366648,1.224589373281313,-4.46327146074807,-12.008823626223581,-10.811199730507594,4.186028599862414,-13.749301573687525
7.737619764758988,6.532192059312615,3.311097043913374,-10.296514677133601,5.67419599956812,-18.826868289446562,2.4533766298516406,-5.958257730471276,17.23333508398275,2.64973488344433
-2.364084368095779,7.872454123090219,-1.5334451020448967,10.348831387867781,-2.3219600900783126,9.33541568551044,4.331614704033589,-0.3887107468235498,1.1389836170092464,3.3627442460701755
4.395536301360313,-14.582152123050538,21.796885320525785,-0.7737431391865889,-0.15198660161685726,13.498991805225803,-19.06529045221904,-2.299803242440674,-0.601172038130834,-0.802825054503875
-0.44724430403941223,-4.856256094883834,4.507356790372739,-5.814933251570139,9.211261087178347,-25.173143621208567,-9.678408297529575,0.7111554069780355,0.14621685286178845,-11.985967713439987
5.113259585159801,-5.280034824619197,-2.9936767894173686,-35.5334382681673,-7.321105203012812,2.1396871806217566,1.0109952856359894,14.222614639767468,8.600083848763608,6.2512725396795945
15.636270263650296,-6.292180767261341,-15.076372226904493,11.140027199624305,10.224878406876607,-17.472164963468654,-14.766902595707805,-15.909864491397464,0.11615545305178779,8.545136057552945
11.716282764455961,19.013706986824808,-3.806767633665534,5.374770911602212,-20.591964990730798,-5.1829277443196204,7.825143899122475,4.231763899293918,-2.35621329313307,13.263984731880525
-2.4533770596070674,6.4428742184474626,0.35689242194312915,15.439797582326767,-7.386271779910398,2.820475850856003,-5.062110232750139,-2.3141514821280253,9.75247165637196,-13.79357149617606
-8.408224415306073,-5.212768212205164,-15.567869606862583,3.1248775263874284,15.64863359733021,-4.452032357658403,2.9554451335622725,-0.9307872961118031,-18.809752802679004,21.90627270018772
-0.027382177161999702,8.372948983666836,-6.272511402994697,4.0868488306588855,-3.6889288152798083,-6.7339045905439825,9.875968005708351,-6.870686846786086,4.042042127268209,-0.7654796330192795
-3.5322512973711353,0.1505201763407642,-6.406346916346455,1.773370731713986,12.256476315747726,-1.3197849796078651,-9.59394978942644,-20.10047076483663,-3.315883405303807,-6.682736014881049
18.074691876238905,14.002692725546368,2.5864739956883662,-26.052869597397144,3.0460552081786036,-13.30198979047877,9.601810402293117,1.9095702652034952,-9.523794609251654,15.369487461002624
13.144699850405885,14.426943351133371,-6.490247330843153,2.006327274295093,-17.518789054858882,-7.688998546474749,0.25382606640382765,-6.800790679891882,9.284084212906954,6.143403985645741
-9.835305265564925,-5.016041880080077,5.2164254690849745,12.959659024128712,5.3223672602596945,13.04539882647521,3.771887938929578,2.2718963622661463,-0.4545370739491196,0.1833160429494899
-9.123826622027067,4.6771073646118255,18.53302756408616,-8.35748558231781,8.36240161964653,0.37370410736366794,13.28970890469324,-10.293353912626195,5.611577817455861,1.099939045520312
-4.212299145541871,12.826164640136815,5.033034535090451,10.513361564787463,-14.089121241104321,18.330025579100752,5.4467691198977235,13.177050627314287,0.925864848521497,18.255900012496323
-6.60868016507581,-2.326118243988536,-8.103021254620533,4.841888730841209,-6.959446528850696,20.648645320527656,-1.7393415128555767,-11.394137457082838,-12.830806431817434,-7.1773444266312145
15.542500155560028,-4.504970928648466,10.634930621956206,3.0715705366665516,1.9206456899453597,3.274305282070401,15.303448730493905,-7.32513341989404,8.200470081761537,-1.4975329241562976
6.158766695094088,1.4955596571694072,4.526437353309895,7.922037753280775,7.166068037703717,3.3888659771955245,-6.604728633757409,-6.562259730971308,-13.222338987190547,-14.13701582708856
-0.033823509214938485,8.82332584096493,-7.682640358514826,-5.207973789039909,-3.193155972053185,-6.639020380730013,3.61141142122873,13.234471529437009,4.899011910954048,5.069753965762269
2.2690850659176496,13.380732740689346,-23.39291839285937,-6.46721312577422,-7.202648907807064,0.8451985165999111,-10.957401359803143,11.448700562957226,0.17163967444219352,14.235186094495347
0.1377276968197082,-0.4412463258455147,-12.398127202791303,3.2273899074102177,-15.039257888536197,20.063568884720087,-12.748577464339558,-9.091227048999086,-4.218510723585089,9.676736040554166
-9.659011265168779,-17.60196487491249,1.990516178628017,-3.094778641701721,33.89141549400734,8.131672360467041,11.710742618806602,8.175217704752512,-1.1992094166380693,-16.336632699913515
-1.7252879773519165,-1.6088415110034118,-2.103404717821928,-7.907234738224417,9.643276970945655,-25.579462798437543,-12.756305153813539,7.995390997399281,-16.028700661415648,-17.97842371533012
-14.848803850249734,1.665744801872351,-4.722613906650058,-0.9531159032338927,-6.960138831688157,0.4637540988934956,-0.47860108019226777,14.397946553768435,10.913951189076093,8.095357491174601
-4.459288932690453,-10.219853670345486,-4.253593538452686,-2.765749579794396,2.080756543528533,3.1124023492432866,-8.88585373372747,-20.59706338042577,-1.2795995623467848,-13.467336330326471
1.8422812555674088,-5.262103513134506,-11.960213714713596,10.443618416908855,0.5958471339147966,6.1064953474219035,5.335484767965353,-13.926136778678593,-4.139699062709192,9.24922084186872
2.330668736334912,9.532041880410285,-4.278286433727242,-6.1063905677872885,-0.3150791473432469,1.3785638726877891,-8.05451591266106,-9.376850394041426,-10.938013602328645,6.602636218010121
3.7243915731047883,-16.70825748834962,-12.12959601177301,11.34324939280301,3.604961260508031,-1.3048805135397346,-4.930712970633023,-3.2027831184938904,10.08455850387131,5.652695947779845
-9.121555218079132,2.773431878407242,15.618999055895577,-14.160998103234126,-8.157835202780333,-13.806669767837224,8.66800708710564,-3.3565174048397663,4.615273232925582,14.697781467114508
7.781144236008738,4.608497340027512,1.9816569710499656,-8.37460325855878,2.65187128640848,-6.024512170735205,3.0196883890294908,-12.422090811318029,3.7027733238058245,19.133810545656175
-6.954547002521925,-3.0467045309951586,-6.181040240772314,-0.9080090524620641,-12.705571618433842,17.839189635971998,-5.477682541923484,-11.14235836546757,-0.5185657030275796,2.0621992647007126
-0.47486861210956155,-1.7142075232428267,-2.4795065003815457,0.6830196066818289,6.170567952338413,3.584613012785971,-25.143820033056418,17.560821754213155,-10.140993949007024,-23.74349927877159
28.12890869302467,11.09576524520964,8.586282549428956,-10.477298910266821,2.430303604018626,-2.115073484577981,-3.7304279497062582,-4.41262701861533,-2.28511537696528,-8.000938306523217
-0.04415808253504807,0.05512292723931492,-15.819548783595522,-0.7400708672489625,-11.479439714109546,-6.9642082672831584,-11.62745552287329,2.617556956137145,-8.396650118675794,-5.636647803349778
-8.181946553987489,-4.701632321847077,-2.8939046949372935,-6.409291269579001,10.460955301635348,13.945813818201554,10.603347973441632,3.8977163345726518,22.264854993027313,-17.77096203337695
13.691656839204336,-3.5230845726546804,-5.7291157590562,4.11610874271912,4.316390261199116,-2.1926019719236036,-0.706601828999911,12.18464253588384,-5.43117240413062,9.232056491547423
-16.11660836048374,9.335288198246818,-3.2723811393290725,9.569167149038641,6.391679755311519,4.172458006758488,3.5863579637108094,-20.688893026954773,5.885719511019718,-3.2987370941248373
-0.7031692772062741,-2.088337600888134,21.597153610386393,3.86845126360366,24.50714923030532,7.530219412910456,3.0604091455240945,3.0433942067274407,-0.3603768066959135,-4.866233321382669
-12.841718926336904,-3.1299273464717343,7.131140440395991,-17.753915399555925,-0.899089616740709,-5.13613061629552,-9.3987942555544,4.002505608773897,-4.909304219521199,-2.565962954125734
-15.208894373997065,5.156678884007907,-24.595380726752254,3.0545129425631465,-5.697810275107025,-0.5063300552721237,-9.448903039360921,4.497490876075422,-12.10904848474854,5.705467708411367
1.4803641523069935,8.164000755511989,12.589674689291638,7.057724843725731,-17.83884144507781,5.442993232625945,2.2185980783300177,7.011685239188834,5.81869237161171,-4.561263674250593
-0.42902976063890486,-6.119395056540516,13.562748819673542,6.06644167946718,-10.821378783263034,-9.230612835347525,-10.89724895854687,5.016056725041572,-16.311273639449276,-9.13179309463684
-8.125787718056285,-4.921364172773232,-13.772707422968413,-6.877557713293064,-4.7101346864650555,0.8378068219250365,-2.2400292986960224,9.410176123222593,9.906178520612052,-8.081494817311233
-0.3807942893798544,-6.0342503253038124,4.7748119016735995,0.9550116626278575,2.770616781259423,-17.467283124042464,16.195670389031815,9.250512457033185,-7.485040306701952,9.700397988242205
-4.4953635155321905,2.6854506644585605,5.820605910812235,6.29687717944356,-5.8759685062512,-7.030915724353123,0.8698979701534536,8.180874273312915,-24.117483372638326,-23.141986306824464
-4.053615260461941,-1.1547056787863097,-5.743395246631548,16.108156137157042,-5.62861627527266,-6.544088002492,-4.128631769187743,-12.571086646676665,-8.065928995726003,12.560520006014011
8.879296519785116,10.064719604827289,-12.50422744380062,-10.599710906117858,-0.8748962690749649,1.111198975512681,3.359963262225412,-14.528653969119299,6.46736268980683,6.994516318270513
7.551537332355198,2.4257781703762076,26.4504360712072,-2.7782218726430323,1.9511564006544062,7.68114014422368,18.300773227304433,10.10462064557496,2.1928575902129372,-5.091141348768061
-6.430083155916263,-2.262294490538947,-24.68643442142507,11.390140988758734,3.5242053684899846,3.191342178459341,-5.167729023829589,-6.240121987330749,19.347544853756208,0.1311010365274592
-9.20256253644405,0.4693915462810756,7.378388194536608,-3.8470099935963056,2.613299250306314,-8.414889497356551,8.198490692269576,15.79182306114612,1.3714394037686146,16.176837302171915
11.551161943697952,19.590243232524244,3.748309402407155,6.205310710353167,-0.6207659433889929,6.274522766389733,7.100642618141664,-22.262895477240512,-7.649832582134578,3.9456111195471233
1.440259532673892,4.836458173414327,-0.5282063145212733,-8.68072485136638,12.042586471785706,11.139239781469357,-0.4628606544753041,-14.835106320370024,-0.6544801079442459,-10.792568103855533
-20.08654481306849,1.7686595119464719,0.18048068641306503,-6.660732663796663,18.933264323327293,-15.578118946776856,11.00010499081402,-10.227927726956537,-9.16743946734924,-9.100542076310772
-0.7887764836985147,0.9216286653496925,20.603657760613782,4.731941858708472,-5.658826215024371,4.343260984292636,3.741321758361522,-11.205081602621242,-1.3330589419823093,-1.859247329693142
2.2756949907555755,4.167593451633047,-8.00734161914989,-16.0646491834793,-9.118272471241726,4.204122556658224,4.044053621094886,-1.9132053746123732,10.650191956229975,8.635856899927475
-22.202864055064406,-28.840711632644215,-10.010224706869648,-4.553607809194051,-1.7552305546399884,-2.374149352089625,5.8047302246435635,9.031123918801859,1.997043966401536,5.766847170979647
-2.131684281191394,0.531845540411595,-7.758212274446511,12.387987018788458,16.62446251384473,-5.409271795911574,1.0006832337351599,19.654824263074552,20.527342363133695,1.0115462823342025
6.013866004321322,-0.9282106140759856,-1.84745067870844,8.489802479329692,7.641327633653522,-3.755655814101347,2.5597391075580678,-5.412866201979712,-3.2379785455363796,-0.9165604278729954
-0.19052116512530004,-7.070679286466185,18.983029232170303,-8.692021406952195,14.426935740548291,-1.5566873134491206,-18.13216014808533,-3.226057317974782,-7.4133715724271,-7.489521418858203
-10.356773070180678,-7.8908340313568806,-4.9176201579896945,-13.557688846686734,8.778012545221523,-2.3080203854460315,6.010630068538868,-14.330837570263839,9.539369074057841,14.259469897044909
-15.980009634106626,9.013653064283417,9.762210647109539,-1.8145708580139654,-2.051434660067899,-13.258676138795158,2.0020833009646872,2.3463640562912107,9.991372889529588,12.2383732337307
-15.330351624509422,5.840561631565363,2.8600813952079056,21.644032240576458,9.098337288870566,-19.336216623021414,3.7132370365912566,-15.277666313311757,-7.631345326291239,11.913785487978066
-3.1417328081279248,-16.26238490486503,7.313825833989803,-4.69630471494518,-2.67084945252439,10.632063752044868,-2.5116687910829065,0.8971920518012432,-7.9307631656039135,15.715157900626961
9.404118315181762,-17.41566794736583,-3.8924116979478596,6.578158295174793,2.5435166988239546,-8.485236603324859,-7.606837937813275,12.27208223688087,0.014597818949551176,-2.251691775818448
-0.7500226501562832,3.701757596658668,-0.3332615039317768,0.8060537201727354,31.003200884872744,12.821801187963578,-6.43727693923132,1.5980505357937682,-14.03625928096834,1.2187772069478582
-8.674739002315805,-21.601417059194468,2.0206953790396676,21.349930445210624,-1.0626546300683197,6.400613693050596,-0.4763223601578733,15.273734075490177,-0.733590239942029,3.98171703467069
19.42186273384865,-13.004719832380351,-4.021616726445106,-8.437264941989346,-9.753096645070498,-1.1038855987956726,-0.9665172320816104,-2.36454688230129,29.581478655565792,9.882297420184205
-1.6962813418291358,-14.592943354012908,7.9037429397702486,7.441389025940952,19.447027142014026,-15.267902449784758,-22.59499103827414,6.470410133730407,3.471512568174546,15.976761505468327
1.705499470742779,9.001313009066951,-1.8095475573784783,-9.018362351237766,10.64463390719244,9.327005092881514,-15.180838029199716,-8.90493420508288,-5.845203880906374,5.749067963065608
-4.171113748587688,3.2387747434410645,-18.88355843239048,15.891829594457503,-5.0551079947876705,-0.6509310431928492,-8.565292397651469,7.4251230746150165,-9.160573184001018,-4.5033394720539235
6.9912478162041,-7.2420656864087345,0.4407214784380437,1.536668446664883,-14.987870597439182,6.416873967188898,25.117673640897454,0.1726555788374867,-5.062803951020207,9.237520615604407
14.12548477584165,12.199252423393814,0.587304002686937,9.813070435839965,-13.690173227012714,12.627240116944645,-10.964177496650407,-4.1493607406920265,8.854934390753481,-7.869397769556338
3.0640881938883497,-1.1263540259212572,-2.009358922947785,-7.420731168280464,-6.460080180326013,-6.460750535401631,-10.033301649084827,-12.734705707790352,-1.101026993523305,-11.534713801592604
-13.819125996513684,1.1892515649173099,10.241896886684245,20.211597699814515,-3.3216533972814366,-1.0723422043597017,5.313789586395364,24.574837837132343,-3.2779239741146684,-1.737360440933474
-9.175051256276651,10.176905318059273,8.832278231300043,0.15739602930369564,-12.620960189728637,-3.4034375361228273,3.8752701234481055,4.041146342314729,3.4009481780672797,-2.7697024718931837
11.660068892076307,3.2595189107772105,-21.19266025001759,-1.619216098146525,-3.671292291859248,-3.4865803171229386,11.597653486460155,3.8067684682415552,8.508065718941499,17.661603088663515
4.372762973975308,12.121389682099261,-6.765964258400845,24.290041270268965,-1.7730908815569135,20.088150065517425,9.616174769697336,16.25123778856784,3.0573057649331936,-5.729147380701551
-16.163570102143886,12.092758746264279,5.771681096960496,14.57758855830104,-4.436013617352722,-8.961536487346876,17.191499023931954,2.6794924439808647,-3.8386579737967663,2.6930309312719114
3.985919372505073,6.635378928564747,7.634156671985924,-8.517171319952745,13.811818899210078,3.734801030324647,9.543080440042901,-8.827882676472854,14.528726251501263,-7.039089355573465
-1.5410817398773367,-10.416109067378036,-10.482561695782186,-10.297098106778169,-8.055810131092345,7.765299309309311,5.191159471979044,7.396263139379445,7.436745886400615,-2.8867837248463
-13.907955901377234,4.315335801622747,3.740970544770299,2.440917297131495,-7.953809305625096,13.416977737234141,-3.5868776430235756,-4.768445701213739,-9.631395319151311,9.687932285977942
3.4464062626438157,5.051485239807681,0.5071949242100117,-3.465544560513274,-15.622919361704852,5.157975722992041,-15.529517653353125,-6.255644620761588,-1.8110236112992626,-10.817260310761682
12.105035108505914,18.178580366128724,-15.094803754210645,0.4467155150447813,0.6726728446246956,24.23795433078503,0.9523494858951653,-10.558640699867322,3.794237413953244,-0.2422241977761513
5.175196381758579,-4.8645722983251725,3.730440350617827,8.078628635572482,18.090993414214655,0.8069326096994102,9.072925954031955,2.4299370151233353,3.612294741537592,-5.3983528734905075
-2.7324508617447525,12.865103401618633,6.861414336313719,-0.009805666158289105,6.195797856330883,-2.161214645140022,-0.9665288155446425,23.771392505677433,-4.50059887001582,-13.982415901381277
-8.895143678051916,10.779613964886458,6.914443123422583,1.5909502609413844,9.545248612020135,28.25619492755425,-1.0960783469470339,-0.9653586693719957,-7.014406941474039,-7.894243531576418
-9.156481362434434,-8.805760488860507,-0.06226206018545792,-9.515839989445848,-4.853545267747336,-6.330971092456683,14.022780236731244,4.725430078342169,15.216683645188603,-8.219542608433516
-8.462869462194073,-11.195241224067118,0.22607490178734288,5.513476759584805,-10.521035805651223,14.887862690078595,8.20579329128519,17.134829498215097,3.937512392943943,9.318057606722737
4.126899839527627,-16.669615946696087,-9.935613949316547,3.0337440992067233,-11.23058850156984,-17.679019947613323,-16.708330632845453,1.8640485259869,17.660880833235197,-1.707791184944486
-4.00789253975733,-7.069582299639644,0.6721750579730769,2.399825731782666,5.092785924089237,-10.32263433169393,-8.06683563381424,-12.145156426540503,0.33126690272709436,0.08823286730188923
4.900467502370828,4.763593516554966,11.267688939479575,0.048029520747249796,-5.46209189474671,-5.715341712764383,-3.2022874909255217,-0.45991670219529274,-8.098560796880522,-17.74818574393455
2.201488774775716,3.108768343040621,-13.590582211401689,19.172232232816654,-1.2058669518210146,-3.592758563522456,1.2962898289026679,0.26920974629570477,9.79456432605222,-7.28198422562066
-3.658534173391474,1.6499937515817356,12.01858089689074,-12.475341330538978,-0.2910920261057618,6.732856294785553,-0.7698179317213931,-3.1103786670788196,-9.003515923822617,-2.179387064242821
-5.359572773478067,-2.3561750230667973,-0.954853492746154,-10.6442347422462,-16.768838479640724,-1.3262449055676673,8.02067620778208,0.4970728963485272,4.963228103412559,5.029787505627169
-9.705139535867499,27.60823720927023,20.408780050614766,5.142837737338089,-0.1685235461473741,-12.539376432144937,12.32793874931314,-12.690318773183103,-0.04061769604927514,-7.886050910563268
-4.014805013642566,11.309194470938884,4.301050111400357,2.2653274448959717,5.1086358281345445,3.756451240361412,-12.236811036805635,10.695366429824698,6.654220585407316,1.3738672989218688
-2.050562961502449,1.2086786328548569,8.689679103052196,7.455343700448508,6.3139654686486235,-4.154876929634473,-3.7485670098015995,-5.345502186864221,-4.777746267860715,1.1724356703441183
0.23777425564547727,-4.292026377910277,-13.802987438146975,-11.371051949106274,-0.995506967430579,-8.622796151769254,-9.08165973793244,2.0282886928161474,4.286898136606475,0.10496474781660581
10.966277654865568,-14.675156274388893,1.2288203757101797,8.527266706433641,-8.124426914515816,17.477781008768392,23.89435884040728,-1.9022558373196627,10.662367432420005,4.669432236042861
21.44233545391685,-15.17220781079046,13.331402601639859,-4.7640718604467285,15.605689597973015,1.8868555437568113,-15.808082952525881,-10.172328039217646,-0.8650204471499292,3.454962516500888
